{
  "agentEndpoint.defs.ts": [],
  "agentEndpoint.test.ts": [
    "./_100554_tsTestAST"
  ],
  "agentEndpoint.ts": [
    "/_100554_/l2/aiAgentBase.js",
    "/_100554_/l2/aiPrompts.js",
    "/_100554_/l2/aiAgentHelper.js",
    "/_100554_/l2/aiAgentOrchestration.js"
  ],
  "agentEndpointCommonLocal.defs.ts": [],
  "agentEndpointCommonLocal.test.ts": [
    "./_100554_tsTestAST"
  ],
  "agentEndpointCommonLocal.ts": [
    "/_100554_/l2/aiAgentBase.js",
    "/_100554_/l2/aiPrompts.js",
    "/_100554_/l2/aiAgentHelper.js",
    "/_100554_/l2/aiAgentOrchestration.js",
    "/_102021_/l2/agentEndpointHelper.js"
  ],
  "agentEndpointGlobal.defs.ts": [],
  "agentEndpointGlobal.test.ts": [
    "./_100554_tsTestAST"
  ],
  "agentEndpointGlobal.ts": [
    "/_100554_/l2/aiAgentBase.js",
    "/_100554_/l2/aiPrompts.js",
    "/_100554_/l2/aiAgentHelper.js",
    "/_100554_/l2/aiAgentOrchestration.js",
    "/_102021_/l2/agentEndpointHelper.js"
  ],
  "agentEndpointHelper.defs.ts": [],
  "agentEndpointHelper.test.ts": [
    "./_100554_tsTestAST"
  ],
  "agentEndpointHelper.ts": [
    "/_100554_/l2/aiAgentHelper.js",
    "/_100554_/l2/collabLibStor.js",
    "/_100554_/l2/collabLibModel.js"
  ],
  "agentEndpointLayer1Context.defs.ts": [],
  "agentEndpointLayer1Context.test.ts": [
    "./_100554_tsTestAST"
  ],
  "agentEndpointLayer1Context.ts": [
    "/_100554_/l2/aiAgentBase.js",
    "/_100554_/l2/aiPrompts.js",
    "/_100554_/l2/aiAgentHelper.js",
    "/_100554_/l2/aiAgentOrchestration.js",
    "/_102021_/l2/agentEndpointHelper.js"
  ],
  "agentEndpointLayer1localDB.defs.ts": [],
  "agentEndpointLayer1localDB.test.ts": [
    "./_100554_tsTestAST"
  ],
  "agentEndpointLayer1localDB.ts": [
    "/_100554_/l2/aiAgentBase.js",
    "/_100554_/l2/aiPrompts.js",
    "/_100554_/l2/aiAgentHelper.js",
    "/_100554_/l2/aiAgentOrchestration.js",
    "/_102021_/l2/agentEndpointHelper.js"
  ],
  "agentEndpointLayer2Controller.defs.ts": [],
  "agentEndpointLayer2Controller.test.ts": [
    "./_100554_tsTestAST"
  ],
  "agentEndpointLayer2Controller.ts": [
    "/_100554_/l2/aiAgentBase.js",
    "/_100554_/l2/aiPrompts.js",
    "/_100554_/l2/aiAgentHelper.js",
    "/_100554_/l2/aiAgentOrchestration.js",
    "/_102021_/l2/agentEndpointHelper.js"
  ],
  "agentEndpointLayer2Routes.defs.ts": [],
  "agentEndpointLayer2Routes.test.ts": [
    "./_100554_tsTestAST"
  ],
  "agentEndpointLayer2Routes.ts": [
    "/_100554_/l2/aiAgentBase.js",
    "/_100554_/l2/aiPrompts.js",
    "/_100554_/l2/aiAgentHelper.js",
    "/_100554_/l2/aiAgentOrchestration.js",
    "/_102021_/l2/agentEndpointHelper.js"
  ],
  "agentEndpointLayer3UseCase.defs.ts": [],
  "agentEndpointLayer3UseCase.test.ts": [
    "./_100554_tsTestAST"
  ],
  "agentEndpointLayer3UseCase.ts": [
    "/_100554_/l2/aiAgentBase.js",
    "/_100554_/l2/aiPrompts.js",
    "/_100554_/l2/aiAgentHelper.js",
    "/_100554_/l2/aiAgentOrchestration.js",
    "/_102021_/l2/agentEndpointHelper.js"
  ],
  "agentEndpointLayer4Entity.defs.ts": [],
  "agentEndpointLayer4Entity.test.ts": [
    "./_100554_tsTestAST"
  ],
  "agentEndpointLayer4Entity.ts": [
    "/_100554_/l2/aiAgentBase.js",
    "/_100554_/l2/aiPrompts.js",
    "/_100554_/l2/aiAgentHelper.js",
    "/_100554_/l2/aiAgentOrchestration.js",
    "/_102021_/l2/agentEndpointHelper.js"
  ],
  "agentEndpointLayer4EntityBase.defs.ts": [],
  "agentEndpointLayer4EntityBase.test.ts": [
    "./_100554_tsTestAST"
  ],
  "agentEndpointLayer4EntityBase.ts": [
    "/_100554_/l2/aiAgentBase.js",
    "/_100554_/l2/aiPrompts.js",
    "/_100554_/l2/aiAgentHelper.js",
    "/_100554_/l2/aiAgentOrchestration.js",
    "/_102021_/l2/agentEndpointHelper.js"
  ],
  "aiIntegrationHub.defs.ts": [],
  "aiIntegrationHub.test.ts": [
    "./_100554_tsTestAST"
  ],
  "aiIntegrationHub.ts": [
    "/_102025_/l2/collabMessagesHelper.js",
    "/_102025_/l2/collabMessagesIndexedDB.js"
  ],
  "ateste.defs.ts": [],
  "ateste.test.ts": [
    "/_100554_/l2/tsTestAST.js"
  ],
  "ateste.ts": [],
  "bteste.defs.ts": [],
  "bteste.test.ts": [
    "/_100554_/l2/tsTestAST.js"
  ],
  "bteste.ts": [
    "/_102021_/l2/ateste.js",
    "lit/decorators.js"
  ],
  "buildServer.defs.ts": [],
  "buildServer.test.ts": [
    "./_100554_tsTestAST"
  ],
  "buildServer.ts": [
    "/_100554_/l2/libCompile.js",
    "/_100554_/l2/collabLibStor.js"
  ],
  "designSystem.defs.ts": [],
  "designSystem.test.ts": [
    "./_100554_tsTestAST"
  ],
  "designSystem.ts": [
    "/_100554_/l2/designSystemBase.js"
  ],
  "liveServer.defs.ts": [],
  "liveServer.test.ts": [
    "./_100554_tsTestAST"
  ],
  "liveServer.ts": [
    "lit",
    "lit/decorators.js",
    "/_100554_/l2/collabLitElement.js",
    "/_102021_/l2/start.js"
  ],
  "project.defs.ts": [],
  "project.test.ts": [
    "./_100554_tsTestAST"
  ],
  "project.ts": [],
  "start.defs.ts": [],
  "start.test.ts": [
    "./_100554_tsTestAST"
  ],
  "start.ts": [
    "/_100554_/l2/libCommom.js",
    "/_102021_/l2/buildServer.js"
  ],
  "testUser.defs.ts": [],
  "testUser.test.ts": [
    "./_100554_tsTestAST"
  ],
  "testUser.ts": [
    "lit",
    "lit/decorators.js",
    "/_100554_/l2/stateLitElement.js",
    "_102021_/l1/global"
  ],
  "testeAgent.defs.ts": [],
  "testeAgent.test.ts": [
    "./_100554_tsTestAST"
  ],
  "testeAgent.ts": [
    "lit",
    "lit/decorators.js",
    "/_100554_/l2/stateLitElement.js",
    "/_102021_/l2/aiIntegrationHub.js"
  ]
}